"Dolphin.ID","Sex","Birth.Date","Death.Date"
"AAR","UNKNOWN",2003-11-01,NA
"ABA","FEMALE",2010-11-01,NA
"ABC","MALE",1994-11-01,NA
"ABE","UNKNOWN",1991-11-01,1994-06-19
"ACF","UNKNOWN",1997-11-01,NA
"ACK","MALE",1980-11-01,1999-05-01
"ADC","UNKNOWN",2001-06-01,2002-03-04
"ADR","FEMALE",1988-11-01,NA
"AGA","MALE",1997-09-15,NA
"AHA","MALE",1980-11-01,1994-05-01
"AJA","MALE",1980-11-01,NA
"ALB","MALE",2015-10-15,NA
"ALG","FEMALE",1969-11-01,2004-05-01
"ALI","FEMALE",1982-11-01,2011-05-01
"ALO","FEMALE",2001-11-01,NA
"ALT","FEMALE",1988-11-01,NA
"ALU","MALE",2015-11-01,NA
"ALV","FEMALE",1981-11-01,2004-05-01
"AMA","FEMALE",1984-11-01,2009-05-01
"AME","FEMALE",1991-11-01,NA
"AMO","FEMALE",1996-11-01,2016-05-01
"AMP","FEMALE",1986-11-01,NA
"ANE","FEMALE",2009-11-01,NA
"ANK","UNKNOWN",2000-11-23,2001-01-11
"ANT","MALE",1973-11-01,2014-05-01
"ANV","MALE",1976-11-01,NA
"ANW","MALE",1992-11-01,NA
"AOV","UNKNOWN",2014-11-01,2016-01-11
"APO","MALE",2003-11-01,NA
"APS","MALE",1998-11-01,NA
"APX","MALE",1985-11-01,2015-05-01
"AQU","UNKNOWN",2003-11-15,NA
"ARC","MALE",1981-11-01,1999-05-01
"ARG","MALE",1977-11-01,2008-05-01
"ARI","FEMALE",1991-11-01,NA
"ARN","MALE",1988-11-01,NA
"ARP","MALE",1982-11-01,NA
"ART","MALE",1999-11-01,NA
"ASD","MALE",2005-11-01,NA
"ASH","MALE",1980-11-01,2017-05-01
"ASN","FEMALE",2004-01-01,NA
"AST","MALE",1977-11-01,1993-05-01
"ASY","MALE",2013-01-01,NA
"ATC","FEMALE",1991-11-01,NA
"ATH","FEMALE",1985-11-01,NA
"ATI","MALE",1978-11-01,2011-05-01
"ATL","UNKNOWN",2009-10-21,2010-03-17
"ATW","FEMALE",1988-11-01,NA
"AUR","UNKNOWN",2002-11-01,NA
"AZU","MALE",2012-11-01,NA
"BAC","UNKNOWN",1993-11-01,NA
"BAD","FEMALE",1982-11-01,NA
"BAG","MALE",1996-11-01,NA
"BAI","MALE",2010-10-27,NA
"BAK","MALE",1989-11-01,NA
"BAM","MALE",1967-11-01,2008-05-01
"BAN","FEMALE",1976-11-01,2012-05-01
"BAR","MALE",1972-11-01,2014-05-01
"BAS","MALE",1998-11-01,2006-05-01
"BAY","FEMALE",1985-11-01,2007-05-01
"BBA","UNKNOWN",2004-12-01,2007-10-01
"BBF","MALE",1991-11-01,NA
"BBL","UNKNOWN",2003-11-01,NA
"BBN","MALE",2012-11-01,NA
"BBZ","UNKNOWN",2016-11-01,NA
"BCH","MALE",1982-11-01,2013-05-01
"BCO","UNKNOWN",2003-11-01,2012-05-01
"BCP","UNKNOWN",1978-11-01,NA
"BCT","MALE",2009-11-01,NA
"BDC","MALE",1985-11-01,NA
"BDE","MALE",1978-11-01,2007-05-01
"BDI","UNKNOWN",2003-05-01,2005-03-10
"BDT","MALE",1991-11-01,NA
"BDY","MALE",1984-11-01,NA
"BEC","MALE",1988-11-01,NA
"BEE","MALE",1997-11-01,NA
"BEK","UNKNOWN",1984-11-01,NA
"BER","FEMALE",1991-11-01,NA
"BES","FEMALE",2000-11-01,2015-05-01
"BET","MALE",2008-11-01,2012-05-01
"BGE","UNKNOWN",2006-04-25,2007-06-02
"BGL","MALE",1972-11-01,2012-05-01
"BGS","MALE",1990-11-01,NA
"BGT","UNKNOWN",2013-09-01,2014-04-11
"BHM","UNKNOWN",2000-11-01,NA
"BIB","MALE",1975-11-01,1989-02-15
"BID","MALE",1968-11-01,1992-05-01
"BIF","MALE",1969-11-01,2004-05-01
"BIG","MALE",1975-11-01,NA
"BIN","MALE",1995-05-01,NA
"BIP","UNKNOWN",1986-11-01,NA
"BIS","FEMALE",1965-11-01,2007-05-01
"BIT","MALE",1955-11-01,1990-05-01
"BJA","MALE",1966-11-01,2008-05-01
"BLB","FEMALE",1972-11-01,2016-05-01
"BLE","MALE",1998-12-15,NA
"BLI","FEMALE",1970-11-01,NA
"BLK","FEMALE",1996-11-01,NA
"BLM","FEMALE",2011-11-20,NA
"BLN","UNKNOWN",1993-11-01,NA
"BLO","MALE",1986-11-01,2017-05-01
"BLP","UNKNOWN",2012-08-23,2013-02-06
"BLS","UNKNOWN",1993-11-01,NA
"BLU","FEMALE",1982-11-01,2015-05-01
"BLV","FEMALE",1984-11-01,NA
"BLW","MALE",1993-11-01,NA
"BLX","UNKNOWN",2005-11-01,NA
"BLY","MALE",1979-11-01,2010-07-24
"BMB","FEMALE",1980-11-01,2017-05-01
"BMN","FEMALE",1991-11-01,NA
"BMT","MALE",2000-11-01,NA
"BMY","FEMALE",1985-11-01,NA
"BNB","UNKNOWN",2009-09-30,2011-10-09
"BNG","FEMALE",2000-11-01,NA
"BNI","MALE",2003-02-15,NA
"BNO","UNKNOWN",2005-01-01,2005-06-15
"BNS","FEMALE",1992-11-01,NA
"BOA","UNKNOWN",2007-11-01,2010-05-01
"BOE","UNKNOWN",1990-11-01,NA
"BOG","UNKNOWN",1993-11-01,NA
"BOH","MALE",1965-11-01,2001-05-01
"BOJ","FEMALE",1996-11-01,NA
"BOL","MALE",1984-11-01,2011-05-01
"BOM","FEMALE",1981-11-01,NA
"BON","UNKNOWN",1993-11-01,1997-05-01
"BOO","MALE",1983-11-01,1993-05-01
"BOR","FEMALE",2012-10-14,NA
"BOS","UNKNOWN",2000-10-01,2002-01-07
"BOT","MALE",1960-11-01,2000-05-01
"BOU","UNKNOWN",2005-02-01,2005-12-30
"BOZ","UNKNOWN",2015-11-08,2016-01-10
"BRA","MALE",1989-11-01,NA
"BRE","FEMALE",1977-11-01,NA
"BRH","UNKNOWN",2017-11-01,NA
"BRI","UNKNOWN",1988-11-01,NA
"BRK","MALE",1998-03-01,2009-05-01
"BRO","UNKNOWN",2014-01-06,NA
"BRP","FEMALE",2010-11-15,NA
"BRS","MALE",2010-11-01,NA
"BRT","FEMALE",1991-11-01,NA
"BRU","UNKNOWN",1977-11-01,NA
"BSC","FEMALE",1992-11-01,NA
"BSS","FEMALE",1998-12-12,2019-07-26
"BST","UNKNOWN",2000-10-28,2004-05-01
"BTC","UNKNOWN",1990-11-01,2007-05-01
"BTL","UNKNOWN",2000-11-01,2002-12-26
"BTN","UNKNOWN",1995-11-01,NA
"BTP","MALE",1991-11-01,NA
"BTR","UNKNOWN",1986-11-01,NA
"BTS","MALE",1995-11-01,NA
"BTT","FEMALE",1975-11-01,NA
"BUD","MALE",2003-01-21,NA
"BUE","UNKNOWN",2013-07-15,NA
"BUI","MALE",1989-11-01,2014-05-01
"BUL","FEMALE",1972-11-01,2003-05-01
"BUM","MALE",1966-11-01,2007-05-01
"BUN","UNKNOWN",1995-11-01,1996-11-22
"BUR","MALE",1995-05-01,NA
"BUS","FEMALE",1974-11-01,2005-05-01
"BUT","FEMALE",2002-11-01,NA
"BUX","MALE",2008-11-01,NA
"BUZ","UNKNOWN",1984-11-01,2001-05-01
"BWD","MALE",1992-11-01,NA
"BWE","MALE",1977-11-01,2013-05-01
"BWS","FEMALE",1991-11-01,NA
"BYP","MALE",2008-11-01,NA
"BYT","FEMALE",1972-11-01,NA
"BZD","FEMALE",2013-11-01,NA
"CAB","FEMALE",1996-12-12,NA
"CAD","FEMALE",1996-11-01,NA
"CAJ","UNKNOWN",1998-11-01,NA
"CAL","FEMALE",1982-11-01,1999-05-01
"CAM","MALE",1994-11-20,1998-06-15
"CAP","MALE",1974-11-01,2008-05-01
"CAS","UNKNOWN",1978-11-01,NA
"CAV","UNKNOWN",2007-11-20,2008-08-13
"CBT","UNKNOWN",2011-11-01,NA
"CCF","UNKNOWN",2008-11-01,NA
"CCO","FEMALE",1987-11-01,NA
"CCR","UNKNOWN",2005-03-01,NA
"CCU","FEMALE",2011-11-15,NA
"CDB","FEMALE",2008-01-15,NA
"CDY","MALE",1974-11-01,NA
"CEB","MALE",1986-11-01,NA
"CED","FEMALE",1986-11-01,NA
"CEL","UNKNOWN",1965-11-01,1995-05-01
"CER","FEMALE",1995-11-01,NA
"CET","MALE",1970-11-01,1990-05-01
"CEY","MALE",2009-11-20,NA
"CFL","FEMALE",1991-11-01,NA
"CHA","FEMALE",1982-11-01,2009-05-01
"CHB","MALE",1989-11-01,NA
"CHC","FEMALE",1992-11-01,2015-07-28
"CHE","MALE",1968-11-01,1995-05-01
"CHK","UNKNOWN",2000-11-01,NA
"CHL","FEMALE",2000-05-01,NA
"CHM","FEMALE",1989-11-01,2006-05-01
"CHR","MALE",2005-11-01,NA
"CHS","FEMALE",1997-11-01,NA
"CHT","FEMALE",1993-11-01,NA
"CHU","MALE",1957-11-01,1990-05-01
"CIG","UNKNOWN",2000-11-01,2001-10-01
"CII","FEMALE",2000-11-01,NA
"CIN","MALE",1999-03-26,2004-05-01
"CKL","FEMALE",1993-11-01,NA
"CKM","UNKNOWN",2001-11-01,2005-05-01
"CKY","FEMALE",1977-11-01,2002-05-01
"CLA","FEMALE",1993-11-01,NA
"CLD","UNKNOWN",1997-12-01,1999-05-01
"CLE","UNKNOWN",2009-01-03,NA
"CLI","MALE",2001-09-15,NA
"CLM","UNKNOWN",2000-11-01,2003-05-01
"CLO","FEMALE",1992-11-01,NA
"CLV","FEMALE",1996-11-01,NA
"CLW","FEMALE",1991-11-01,NA
"CLY","FEMALE",1981-11-01,2005-05-01
"CML","UNKNOWN",1997-11-01,NA
"CMO","MALE",1982-11-01,2009-05-01
"CMR","UNKNOWN",2001-11-01,NA
"CNC","UNKNOWN",2003-11-01,2004-07-11
"CNK","MALE",1982-11-01,2004-05-01
"CNM","UNKNOWN",2012-08-04,2014-05-01
"CNO","UNKNOWN",2008-11-01,NA
"COB","UNKNOWN",2017-12-15,NA
"COC","FEMALE",1979-11-01,2012-05-01
"COD","MALE",1963-11-01,2006-05-01
"COI","FEMALE",1999-11-01,NA
"COK","FEMALE",2007-01-21,NA
"COL","FEMALE",1983-11-01,2005-05-01
"COM","MALE",1977-11-01,2015-05-01
"CON","FEMALE",1981-11-01,2000-05-01
"COO","MALE",1988-10-06,NA
"COP","FEMALE",2001-11-01,NA
"COR","FEMALE",1990-10-01,2011-05-01
"COS","FEMALE",1962-11-01,1995-11-01
"COU","FEMALE",1958-11-01,1993-05-01
"CPA","MALE",1993-11-01,NA
"CPH","UNKNOWN",2009-10-04,NA
"CPO","MALE",1993-11-01,NA
"CPP","MALE",1996-11-01,NA
"CPT","UNKNOWN",2014-10-01,2014-12-06
"CRA","UNKNOWN",1986-11-01,NA
"CRB","FEMALE",1988-11-01,2007-05-01
"CRC","MALE",1971-11-01,2006-05-01
"CRE","FEMALE",1980-11-01,2002-05-01
"CRI","MALE",1961-11-01,1994-05-01
"CRK","UNKNOWN",2015-02-15,NA
"CRO","FEMALE",1960-11-01,1992-05-08
"CRP","FEMALE",1998-02-01,NA
"CRS","FEMALE",1991-11-01,NA
"CRU","MALE",1977-11-01,1993-05-01
"CRV","FEMALE",1994-11-01,NA
"CSK","FEMALE",1995-11-01,2014-05-01
"CSN","UNKNOWN",2013-11-01,NA
"CTA","UNKNOWN",2007-10-01,2009-04-16
"CTN","MALE",1994-11-01,NA
"CTR","UNKNOWN",1985-11-01,NA
"CTT","MALE",2012-11-01,NA
"CTY","FEMALE",1998-11-01,NA
"CUB","UNKNOWN",2000-11-01,2006-05-01
"CUM","MALE",1990-11-01,NA
"CUR","FEMALE",1983-11-01,NA
"CUV","FEMALE",1994-11-01,NA
"CUZ","UNKNOWN",1977-11-01,2008-05-01
"CVO","FEMALE",2010-02-01,NA
"CYA","MALE",2001-11-01,NA
"CYC","UNKNOWN",1995-11-01,1998-07-27
"CYN","UNKNOWN",2007-11-01,NA
"CYP","FEMALE",1994-11-01,NA
"CYR","FEMALE",1989-11-01,NA
"CYS","FEMALE",2005-01-15,NA
"CZA","MALE",1988-11-01,NA
"DAB","UNKNOWN",2002-11-02,2003-01-27
"DAG","MALE",1978-11-01,NA
"DAI","MALE",2008-09-01,NA
"DAL","MALE",1994-11-01,NA
"DAN","MALE",1986-11-01,NA
"DAS","UNKNOWN",2008-11-01,NA
"DBO","MALE",1991-11-01,NA
"DBT","MALE",2005-11-01,NA
"DCH","FEMALE",2011-02-15,NA
"DCK","UNKNOWN",2017-11-24,NA
"DCR","FEMALE",1981-11-01,2015-05-01
"DEB","MALE",1971-11-01,2016-05-01
"DEE","MALE",1986-11-01,NA
"DEI","UNKNOWN",1988-11-01,2005-05-01
"DEM","FEMALE",1986-11-01,NA
"DEN","FEMALE",1971-11-01,1998-05-01
"DER","MALE",1998-11-01,NA
"DEU","MALE",2011-11-21,NA
"DGR","MALE",2007-11-01,NA
"DIA","MALE",2012-11-01,2015-11-07
"DIC","MALE",1996-10-18,NA
"DID","FEMALE",1972-11-01,2007-05-01
"DIG","UNKNOWN",2000-11-01,2012-05-01
"DIL","MALE",1992-11-01,NA
"DIM","UNKNOWN",1999-11-01,NA
"DIN","MALE",1987-11-01,1995-05-01
"DIP","UNKNOWN",2012-05-02,NA
"DJY","FEMALE",2008-11-01,NA
"DKY","UNKNOWN",2016-11-01,NA
"DLI","UNKNOWN",2001-11-01,NA
"DLO","UNKNOWN",2004-11-01,NA
"DMK","FEMALE",1991-11-01,NA
"DMP","UNKNOWN",2006-01-15,2009-05-01
"DNG","MALE",1985-11-01,NA
"DNO","MALE",1975-11-01,2003-05-01
"DNR","UNKNOWN",2001-11-01,NA
"DNZ","FEMALE",1993-11-01,NA
"DOA","UNKNOWN",2011-11-22,2012-04-13
"DOD","FEMALE",1999-10-15,NA
"DOM","MALE",1979-11-01,NA
"DOO","UNKNOWN",1997-12-15,1998-05-05
"DOP","UNKNOWN",2009-11-01,NA
"DOR","FEMALE",1976-11-01,2000-05-01
"DOU","FEMALE",2017-11-19,NA
"DOY","UNKNOWN",2015-05-10,NA
"DOZ","FEMALE",1960-11-01,2006-05-01
"DPL","UNKNOWN",2019-01-01,NA
"DPS","UNKNOWN",2004-11-01,NA
"DRC","UNKNOWN",2009-11-01,NA
"DRI","UNKNOWN",1977-11-01,2008-05-01
"DRL","MALE",1981-11-01,2009-05-01
"DRO","MALE",1988-11-01,1990-06-25
"DRT","UNKNOWN",1992-11-01,NA
"DSH","UNKNOWN",2002-11-01,2004-07-01
"DUA","MALE",1975-11-01,1996-05-01
"DUC","FEMALE",1993-12-22,NA
"DUD","MALE",2012-12-01,2018-05-01
"DUF","UNKNOWN",1994-05-01,NA
"DUM","UNKNOWN",2009-12-01,2010-07-17
"DUN","FEMALE",1982-11-01,2010-07-01
"DUR","FEMALE",1998-11-01,NA
"DUU","FEMALE",1979-11-01,2008-05-01
"DWE","MALE",1980-11-01,2008-11-01
"DXX","FEMALE",1971-11-01,1996-05-01
"DYC","UNKNOWN",2000-01-01,2000-07-28
"DYT","UNKNOWN",2015-11-17,2016-03-11
"DZL","MALE",1993-11-01,NA
"DZZ","UNKNOWN",2011-01-15,NA
"EAT","FEMALE",1990-12-01,1994-06-01
"ECO","MALE",2004-11-20,2012-05-01
"ECS","MALE",2008-10-17,2016-05-01
"EDE","FEMALE",2003-11-19,NA
"EDG","MALE",1991-11-01,NA
"EDM","UNKNOWN",2011-11-01,NA
"EDN","UNKNOWN",2014-10-15,2014-12-07
"EDW","UNKNOWN",1964-11-01,1998-05-01
"EED","FEMALE",1974-11-01,NA
"EEK","UNKNOWN",2000-11-01,2005-05-01
"EER","UNKNOWN",1996-11-01,2000-05-01
"EFL","FEMALE",1983-11-01,NA
"EFT","FEMALE",1984-11-01,2008-05-01
"EIN","UNKNOWN",2004-10-10,2005-04-08
"ELF","MALE",1989-11-01,NA
"ELI","UNKNOWN",1975-11-01,NA
"ELM","UNKNOWN",2004-11-15,2009-05-01
"ELR","MALE",1967-11-01,1999-07-13
"ELW","MALE",1985-11-01,2017-05-01
"EMN","MALE",1991-11-01,NA
"ENC","FEMALE",2006-11-01,NA
"END","FEMALE",1988-11-01,NA
"ENI","UNKNOWN",2017-12-15,2018-12-30
"ENU","UNKNOWN",2002-11-24,2003-03-22
"EPC","FEMALE",1990-11-01,NA
"EPP","UNKNOWN",1992-11-01,NA
"EPS","UNKNOWN",1990-11-01,1992-05-01
"EQU","FEMALE",1985-11-01,2008-05-01
"ERM","FEMALE",1988-11-01,2007-05-01
"ESC","FEMALE",1987-11-01,2006-05-01
"ESM","FEMALE",1998-11-01,NA
"ESP","FEMALE",1991-11-01,NA
"ESS","UNKNOWN",2014-11-01,2017-11-24
"EST","FEMALE",1966-11-01,2001-05-01
"ETC","FEMALE",1985-11-01,2008-05-01
"EUC","UNKNOWN",2003-11-01,NA
"EUH","UNKNOWN",2012-11-01,NA
"EVI","MALE",1994-11-01,NA
"EVN","FEMALE",2013-01-01,NA
"EWO","UNKNOWN",2002-11-01,NA
"EXF","MALE",1965-11-01,2017-05-01
"EXO","UNKNOWN",2012-11-01,2014-05-09
"EZR","MALE",1996-11-01,NA
"FAN","MALE",1981-11-01,1999-05-01
"FAO","FEMALE",2012-02-01,NA
"FAR","MALE",1988-11-01,2014-05-01
"FAT","FEMALE",1972-11-01,2005-05-01
"FAU","MALE",1992-11-01,NA
"FCH","MALE",2011-11-01,NA
"FCN","FEMALE",1986-11-01,2015-05-01
"FCO","MALE",2008-11-01,NA
"FCT","FEMALE",1978-11-01,NA
"FDD","UNKNOWN",2000-01-01,2000-05-13
"FDO","UNKNOWN",2004-12-01,2005-06-13
"FEA","FEMALE",1973-11-01,2012-05-01
"FEN","FEMALE",1981-11-01,NA
"FFY","UNKNOWN",2017-10-14,2018-01-28
"FHY","MALE",2014-01-01,2015-05-03
"FIA","UNKNOWN",2012-11-01,NA
"FID","FEMALE",1981-11-01,NA
"FIE","MALE",1988-11-01,NA
"FIF","MALE",1983-11-01,2000-05-01
"FIG","MALE",1989-11-01,NA
"FIN","FEMALE",1979-11-01,2009-05-01
"FIS","UNKNOWN",1977-11-01,1995-05-01
"FKY","FEMALE",1978-11-01,NA
"FLE","UNKNOWN",2017-11-07,NA
"FLF","FEMALE",2009-11-01,NA
"FLI","FEMALE",1983-11-01,2008-07-23
"FLR","MALE",2008-11-15,2012-06-23
"FLT","UNKNOWN",2003-10-11,2003-10-12
"FLY","MALE",2008-01-12,2008-07-23
"FMN","FEMALE",1992-11-01,NA
"FNA","FEMALE",2003-12-01,2007-05-01
"FNG","UNKNOWN",1986-11-01,2010-05-01
"FNS","MALE",1993-11-01,NA
"FNT","FEMALE",1989-11-01,NA
"FNZ","MALE",1994-11-01,NA
"FOA","FEMALE",1989-11-01,NA
"FOE","UNKNOWN",1993-11-01,NA
"FON","UNKNOWN",2002-11-01,2006-05-01
"FOO","FEMALE",1971-11-01,2016-05-01
"FOR","UNKNOWN",1981-11-01,NA
"FRA","FEMALE",1974-11-01,2012-05-01
"FRC","UNKNOWN",2016-11-01,2019-01-09
"FRD","UNKNOWN",2013-10-21,2014-03-14
"FRE","MALE",1975-11-01,NA
"FRG","FEMALE",1997-11-01,NA
"FRK","FEMALE",2008-01-01,NA
"FRL","FEMALE",1995-11-01,NA
"FRN","MALE",1981-11-01,2016-11-01
"FRO","FEMALE",1974-11-01,2009-05-01
"FRY","MALE",1993-11-01,NA
"FSB","FEMALE",2007-11-01,NA
"FSH","UNKNOWN",2004-11-01,NA
"FTA","MALE",2011-12-15,NA
"FTH","FEMALE",2001-11-01,NA
"FUF","FEMALE",1987-11-01,NA
"FUN","UNKNOWN",2000-11-01,NA
"FUT","FEMALE",2007-11-13,NA
"GAB","FEMALE",1990-11-01,NA
"GAF","FEMALE",1988-11-01,NA
"GAN","FEMALE",2004-10-15,NA
"GAR","UNKNOWN",1999-11-01,NA
"GAU","UNKNOWN",2012-11-01,NA
"GAW","UNKNOWN",2016-05-01,NA
"GBI","UNKNOWN",2007-11-01,NA
"GBY","FEMALE",1980-11-01,NA
"GCA","MALE",1989-11-01,NA
"GDL","UNKNOWN",1993-11-01,NA
"GDO","MALE",1988-11-01,2014-05-01
"GEG","MALE",1986-11-01,NA
"GEK","FEMALE",2009-11-08,NA
"GEM","UNKNOWN",2012-03-01,2013-03-03
"GEO","MALE",1961-11-01,1994-05-01
"GFD","FEMALE",1991-11-01,NA
"GGL","MALE",2008-12-01,NA
"GHA","FEMALE",1971-11-01,2007-05-01
"GHD","UNKNOWN",2012-11-01,2014-01-11
"GHE","MALE",1982-11-01,2012-05-01
"GHL","MALE",2005-05-01,NA
"GHO","MALE",1991-10-10,NA
"GKY","MALE",1993-11-01,NA
"GLE","MALE",2002-11-30,2005-01-24
"GLI","UNKNOWN",1983-11-01,2002-05-01
"GLO","UNKNOWN",2019-01-01,NA
"GLX","FEMALE",1992-11-01,NA
"GMP","FEMALE",1997-11-01,NA
"GMT","UNKNOWN",2019-05-12,NA
"GNA","MALE",1983-11-01,2012-05-01
"GNO","FEMALE",1991-11-01,NA
"GNY","UNKNOWN",2008-11-01,NA
"GNZ","UNKNOWN",2013-11-01,NA
"GOB","FEMALE",1979-11-01,2002-05-01
"GOD","FEMALE",1982-11-01,NA
"GOF","UNKNOWN",2000-11-01,NA
"GOO","FEMALE",1989-11-01,2003-05-01
"GOV","MALE",1994-11-01,NA
"GOY","MALE",1987-11-01,NA
"GRA","MALE",1989-11-01,NA
"GRB","MALE",1989-11-01,NA
"GRC","MALE",1983-11-01,2016-05-01
"GRD","UNKNOWN",2003-11-01,2004-10-12
"GRF","FEMALE",1992-11-01,NA
"GRG","FEMALE",1996-10-18,2016-05-01
"GRI","MALE",1982-11-01,NA
"GRM","UNKNOWN",1999-11-01,2000-07-12
"GRO","MALE",1977-11-01,1996-05-01
"GRS","UNKNOWN",1998-11-01,NA
"GRT","MALE",2002-11-26,2006-03-08
"GRU","UNKNOWN",1978-11-01,2004-05-01
"GRV","FEMALE",1987-11-01,NA
"GRZ","UNKNOWN",2002-11-01,2005-05-01
"GTL","FEMALE",1978-11-01,2006-05-01
"GUA","FEMALE",2006-11-01,NA
"GUL","UNKNOWN",2015-03-01,NA
"GUM","FEMALE",1972-11-01,2017-05-01
"GUN","MALE",1988-11-01,NA
"GUP","MALE",2002-10-01,NA
"GUR","UNKNOWN",1996-11-01,NA
"GUS","MALE",1986-11-01,2017-05-01
"GVR","MALE",1987-11-01,2000-05-01
"GYP","FEMALE",1973-11-01,2010-05-01
"HAA","FEMALE",1978-11-01,1992-05-01
"HAB","FEMALE",2011-12-01,NA
"HAC","MALE",1961-11-01,2005-05-01
"HAL","FEMALE",1965-11-01,1998-05-01
"HAM","FEMALE",1990-11-27,2009-05-01
"HAR","MALE",1966-11-01,2004-05-01
"HAT","FEMALE",1998-11-01,NA
"HAW","UNKNOWN",1992-11-01,NA
"HBB","FEMALE",1981-11-01,2017-05-01
"HCT","MALE",1984-11-01,NA
"HDE","UNKNOWN",2007-09-01,2009-01-28
"HEA","FEMALE",1979-11-01,1998-05-01
"HED","MALE",1991-11-01,2010-05-01
"HEL","MALE",1980-11-01,NA
"HEM","MALE",1989-11-01,NA
"HER","UNKNOWN",1992-11-01,1995-05-01
"HES","UNKNOWN",2010-09-03,2015-05-01
"HFF","FEMALE",2005-12-10,NA
"HFT","UNKNOWN",2019-01-01,NA
"HHC","UNKNOWN",2018-12-15,NA
"HHD","MALE",1990-11-01,2012-05-01
"HIB","MALE",1995-11-01,2005-05-01
"HIC","FEMALE",1978-11-01,2013-05-01
"HII","MALE",1965-11-01,2006-05-01
"HIP","UNKNOWN",1992-11-15,1993-12-09
"HKI","MALE",1995-08-23,2004-05-01
"HKR","UNKNOWN",2001-11-01,NA
"HLK","MALE",1993-11-01,NA
"HLR","FEMALE",1991-11-01,NA
"HLW","UNKNOWN",2015-10-21,2016-06-23
"HML","UNKNOWN",2012-11-01,NA
"HMM","MALE",1983-11-01,2010-05-01
"HNK","FEMALE",1988-11-01,NA
"HNR","MALE",1992-11-01,NA
"HNT","UNKNOWN",2013-02-14,2014-05-01
"HNZ","FEMALE",1992-11-01,NA
"HOB","MALE",1971-11-01,2000-05-01
"HOD","MALE",1974-11-01,NA
"HOH","FEMALE",1965-11-01,2001-05-01
"HOL","FEMALE",1960-11-01,1995-07-26
"HOP","UNKNOWN",1999-10-01,2000-02-05
"HOR","MALE",1977-11-01,2012-05-01
"HOW","FEMALE",2001-11-01,NA
"HPO","UNKNOWN",1984-11-01,2000-05-01
"HPP","FEMALE",2000-11-01,NA
"HPT","UNKNOWN",1995-11-01,1997-01-15
"HPY","UNKNOWN",2013-03-01,NA
"HRA","FEMALE",1973-11-01,2017-05-01
"HRB","MALE",2005-11-01,NA
"HRM","MALE",2000-11-01,2006-05-01
"HRN","FEMALE",1989-11-01,NA
"HRP","UNKNOWN",2000-09-01,NA
"HRS","FEMALE",1997-10-15,NA
"HRU","UNKNOWN",2006-03-01,2006-07-29
"HRV","MALE",1986-11-01,2018-05-01
"HSL","UNKNOWN",2003-10-29,2005-05-01
"HTC","FEMALE",1993-11-01,NA
"HTL","UNKNOWN",2004-11-01,2007-01-15
"HUB","FEMALE",2007-12-01,NA
"HUG","MALE",2019-11-20,2021-04-26
"HUL","FEMALE",1980-11-01,2008-05-01
"HUN","UNKNOWN",2009-11-01,NA
"HUR","UNKNOWN",1998-11-01,NA
"HUS","UNKNOWN",2015-05-07,NA
"HWK","MALE",1993-11-01,2008-05-01
"HYM","FEMALE",1963-11-01,1995-05-01
"HYR","FEMALE",2006-12-01,NA
"IBL","FEMALE",1999-11-01,NA
"IBX","FEMALE",1976-11-01,NA
"ICE","UNKNOWN",1988-11-01,NA
"ICO","MALE",1986-11-01,NA
"IDO","MALE",1986-11-01,NA
"IGB","FEMALE",1991-11-01,NA
"IMP","MALE",1982-11-01,2019-05-01
"IMX","UNKNOWN",1984-11-01,NA
"IND","FEMALE",1995-11-01,NA
"INI","MALE",2004-05-07,NA
"INS","UNKNOWN",1996-11-01,NA
"IRD","UNKNOWN",2005-12-01,2006-09-13
"IRI","UNKNOWN",2009-11-01,NA
"IRO","MALE",1993-11-01,2006-05-01
"ITC","MALE",1986-11-01,NA
"ITG","FEMALE",2011-10-21,NA
"JAA","MALE",1974-11-01,2007-05-01
"JAB","FEMALE",1976-11-01,2008-05-01
"JAC","FEMALE",2012-03-01,NA
"JAG","FEMALE",1972-11-01,2009-05-01
"JAH","FEMALE",2008-11-01,NA
"JAK","MALE",1987-11-01,NA
"JAL","MALE",1997-11-01,NA
"JAM","MALE",1974-11-01,1999-05-01
"JAN","FEMALE",1984-11-01,NA
"JAP","UNKNOWN",2018-01-01,2018-07-26
"JAS","FEMALE",1979-11-01,2020-05-01
"JBB","MALE",1987-11-01,NA
"JBG","FEMALE",1990-11-01,NA
"JBN","UNKNOWN",2001-06-01,2002-06-01
"JBO","MALE",1998-11-15,2008-05-01
"JCA","UNKNOWN",2006-11-01,2007-12-28
"JCH","MALE",1988-11-01,NA
"JCR","FEMALE",1985-11-01,2016-05-01
"JDO","UNKNOWN",2017-11-01,NA
"JEL","FEMALE",1989-11-01,2009-05-01
"JES","MALE",1978-11-01,NA
"JFR","FEMALE",1978-11-01,2008-02-01
"JIG","UNKNOWN",1998-11-01,2004-05-01
"JIM","MALE",1972-11-01,2017-05-01
"JIT","FEMALE",2007-10-01,NA
"JIV","UNKNOWN",2009-11-01,NA
"JLO","MALE",1988-11-01,NA
"JLT","MALE",1978-11-01,2017-05-01
"JMC","FEMALE",2007-11-01,NA
"JMM","UNKNOWN",2002-01-01,2009-05-01
"JMU","UNKNOWN",2012-12-15,2014-08-05
"JMY","FEMALE",1996-11-01,NA
"JND","FEMALE",2018-12-19,NA
"JNG","FEMALE",1989-11-01,2012-05-01
"JNI","FEMALE",1982-11-01,NA
"JOC","MALE",1993-11-01,NA
"JOK","FEMALE",1986-11-01,2006-05-01
"JOL","FEMALE",1981-11-01,1994-05-01
"JOU","UNKNOWN",2005-11-01,2008-05-01
"JOY","FEMALE",1979-12-25,2011-05-01
"JPI","MALE",1988-11-01,NA
"JRN","MALE",1991-11-01,NA
"JSE","MALE",1990-11-01,2009-05-01
"JSP","UNKNOWN",1999-11-01,NA
"JST","UNKNOWN",1994-05-01,2000-05-01
"JTB","UNKNOWN",2007-11-01,NA
"JUD","MALE",1966-11-01,2002-05-01
"JUI","FEMALE",2001-11-01,NA
"JUM","FEMALE",1985-11-01,NA
"JUP","MALE",2000-11-01,NA
"JWB","UNKNOWN",2003-08-01,2004-06-03
"KAH","MALE",1998-11-01,NA
"KAI","MALE",1997-11-01,NA
"KAT","FEMALE",1982-11-01,NA
"KAW","UNKNOWN",2012-09-26,2013-02-06
"KAZ","FEMALE",1996-11-01,NA
"KBY","MALE",1993-11-01,NA
"KDL","UNKNOWN",2011-11-25,2013-02-01
"KEA","FEMALE",1980-11-01,2007-05-01
"KEE","MALE",1986-11-01,NA
"KER","MALE",1979-11-01,2013-11-23
"KES","FEMALE",1964-11-01,2006-05-01
"KET","UNKNOWN",1998-10-15,2005-05-01
"KHA","FEMALE",2009-12-27,2010-08-21
"KIC","MALE",2003-11-01,2007-05-01
"KIP","UNKNOWN",2005-11-01,2006-11-11
"KIR","MALE",1993-11-01,NA
"KIT","FEMALE",1989-11-01,NA
"KIW","UNKNOWN",1984-11-01,NA
"KIY","FEMALE",1997-12-13,NA
"KKD","FEMALE",1988-11-01,NA
"KKT","UNKNOWN",2009-11-01,2011-07-17
"KLA","MALE",1981-11-01,2006-05-01
"KMJ","FEMALE",1998-11-01,NA
"KNG","FEMALE",1996-11-01,NA
"KNK","UNKNOWN",2012-11-01,2014-07-02
"KOA","FEMALE",1999-11-01,NA
"KOD","MALE",1962-11-01,1992-05-01
"KOK","MALE",1999-12-01,NA
"KRE","UNKNOWN",2016-02-01,NA
"KRG","FEMALE",1993-11-01,NA
"KRI","MALE",1971-11-01,NA
"KRK","FEMALE",1986-11-01,NA
"KRN","UNKNOWN",2013-11-01,NA
"KRO","MALE",1979-11-01,2015-05-01
"KSE","MALE",2012-11-01,NA
"KSS","MALE",1993-11-01,NA
"KST","FEMALE",1984-11-01,2016-05-01
"KTH","UNKNOWN",2015-07-06,NA
"KTN","MALE",1993-11-01,NA
"KTZ","UNKNOWN",2010-04-15,2010-07-01
"KUD","UNKNOWN",2010-07-15,NA
"KWA","FEMALE",1987-11-01,2010-05-01
"KWI","FEMALE",1974-11-01,2014-05-01
"KYD","FEMALE",1996-11-01,NA
"LAD","FEMALE",1966-11-01,1994-05-01
"LAN","MALE",1989-11-01,NA
"LAS","FEMALE",1972-11-01,2020-05-01
"LAT","MALE",1974-11-01,2015-05-01
"LAU","FEMALE",1994-12-01,2008-05-01
"LAY","FEMALE",1991-11-01,NA
"LBL","UNKNOWN",1993-11-01,NA
"LCS","MALE",1993-11-01,NA
"LDB","UNKNOWN",2013-11-01,NA
"LDO","FEMALE",2009-12-15,NA
"LEN","FEMALE",2002-02-15,NA
"LEO","FEMALE",1978-11-01,2009-05-01
"LER","MALE",1975-11-01,1992-05-01
"LEV","FEMALE",1988-11-01,NA
"LFG","MALE",2008-01-03,2013-05-01
"LGO","MALE",1995-11-01,NA
"LIC","FEMALE",1984-11-01,NA
"LIF","FEMALE",1987-11-01,NA
"LIM","FEMALE",1979-11-01,2002-05-01
"LIN","MALE",1979-11-01,2011-05-01
"LIP","MALE",2005-11-20,NA
"LIT","FEMALE",1987-11-01,NA
"LKI","MALE",1989-11-01,NA
"LKY","UNKNOWN",2006-11-01,2011-01-04
"LLA","FEMALE",1994-11-01,NA
"LLO","FEMALE",1990-11-01,NA
"LMG","UNKNOWN",2007-03-09,2008-01-20
"LMN","UNKNOWN",2012-08-19,NA
"LMP","UNKNOWN",2006-11-01,NA
"LNC","UNKNOWN",2005-12-01,2007-07-16
"LNS","FEMALE",1978-11-01,NA
"LNT","MALE",2007-11-01,NA
"LNX","UNKNOWN",1991-11-01,NA
"LOC","UNKNOWN",1995-11-01,NA
"LOD","MALE",1978-11-01,NA
"LOG","UNKNOWN",2001-05-15,2002-05-01
"LOL","FEMALE",1999-03-05,2000-02-02
"LOO","FEMALE",2010-11-01,NA
"LOT","UNKNOWN",1988-11-01,NA
"LOV","MALE",1981-11-01,2001-05-01
"LSD","UNKNOWN",2019-01-01,2019-12-07
"LUC","MALE",1971-11-01,2008-05-01
"LUD","MALE",1987-11-01,NA
"LUF","FEMALE",1974-11-01,1994-05-01
"LUG","MALE",1999-11-01,NA
"LUN","UNKNOWN",1987-11-01,2000-05-01
"LUR","UNKNOWN",1992-11-01,1995-06-10
"LYN","MALE",1983-11-01,2012-05-01
"LYR","FEMALE",2007-11-01,NA
"LZZ","UNKNOWN",2017-11-01,NA
"MAC","MALE",1986-11-01,2010-05-01
"MAG","MALE",1994-11-01,2011-05-01
"MAR","MALE",1997-11-01,NA
"MAT","MALE",1980-11-01,NA
"MAV","FEMALE",1997-11-01,NA
"MAX","FEMALE",1987-11-01,2006-05-01
"MAY","UNKNOWN",1990-10-01,1991-03-26
"MAZ","UNKNOWN",2011-11-01,NA
"MCA","UNKNOWN",2013-11-23,2014-03-17
"MCL","MALE",1993-11-01,NA
"MCM","MALE",1993-11-01,NA
"MCY","MALE",1979-11-01,2014-05-01
"MDC","FEMALE",1983-11-01,2014-05-01
"MDH","UNKNOWN",2000-11-01,NA
"MED","MALE",1984-11-01,2018-05-01
"MEG","UNKNOWN",2003-11-18,2005-05-13
"MEL","UNKNOWN",1979-11-01,NA
"MEO","FEMALE",1994-11-01,NA
"MES","MALE",1991-11-01,NA
"MET","UNKNOWN",1998-11-01,1999-10-01
"MEY","MALE",2001-11-01,2010-05-01
"MFC","FEMALE",1990-11-01,NA
"MGC","MALE",2011-10-20,NA
"MGG","FEMALE",1987-11-01,2008-05-01
"MGL","MALE",1981-11-01,2007-05-01
"MGU","MALE",2010-11-01,2014-05-01
"MIC","UNKNOWN",2004-01-01,2004-04-18
"MID","MALE",1989-11-01,2011-05-01
"MIG","MALE",2003-11-15,NA
"MIJ","FEMALE",1979-11-01,1995-05-01
"MIM","UNKNOWN",2010-01-01,2014-05-01
"MIN","FEMALE",1965-11-01,2009-05-01
"MIS","FEMALE",1981-11-01,NA
"MJV","FEMALE",1979-11-01,NA
"MLM","UNKNOWN",2007-11-01,NA
"MLN","UNKNOWN",2013-12-01,NA
"MLO","MALE",1995-11-01,NA
"MLV","UNKNOWN",2008-11-01,NA
"MMB","UNKNOWN",2010-10-15,2013-02-05
"MNG","FEMALE",1996-11-01,NA
"MNK","MALE",1986-11-01,NA
"MNM","FEMALE",1987-11-01,2010-05-01
"MNS","MALE",2009-11-01,NA
"MNU","UNKNOWN",2015-10-25,2016-02-02
"MNV","FEMALE",1983-11-01,NA
"MOB","UNKNOWN",1978-11-01,NA
"MOG","MALE",1982-11-01,NA
"MOL","FEMALE",1995-11-01,1997-03-01
"MOO","FEMALE",1972-11-01,2017-05-01
"MOR","UNKNOWN",1988-12-20,1990-06-03
"MOU","FEMALE",1991-09-29,NA
"MOX","UNKNOWN",2005-02-01,2005-12-11
"MOZ","FEMALE",1977-11-01,2018-05-01
"MPC","UNKNOWN",1997-11-01,NA
"MRA","FEMALE",1979-11-01,2016-05-01
"MRC","FEMALE",1995-11-01,NA
"MRI","UNKNOWN",2007-11-01,NA
"MRJ","UNKNOWN",2019-02-01,NA
"MRL","MALE",1984-11-01,2011-05-01
"MRQ","UNKNOWN",2013-02-15,2015-03-20
"MRS","MALE",1994-11-01,NA
"MRT","MALE",1985-11-01,NA
"MRW","UNKNOWN",2011-11-01,NA
"MRY","MALE",1983-11-01,2016-05-01
"MSA","FEMALE",1991-11-01,NA
"MSC","FEMALE",1998-11-01,NA
"MSE","FEMALE",2012-11-10,2015-07-13
"MSL","MALE",2001-10-15,2010-05-01
"MSN","MALE",1987-11-01,NA
"MSS","UNKNOWN",1994-11-01,NA
"MST","UNKNOWN",2010-11-01,NA
"MTS","FEMALE",1974-11-01,2002-05-01
"MTZ","MALE",2016-09-18,NA
"MUF","FEMALE",1986-11-01,1989-01-13
"MUL","UNKNOWN",2000-11-01,2011-05-01
"MUM","MALE",1993-11-01,2005-05-01
"MUN","FEMALE",1967-11-01,2006-09-01
"MUR","FEMALE",1990-11-01,NA
"MUS","MALE",1997-05-30,2010-05-01
"MUT","MALE",1993-11-01,NA
"MYA","MALE",2007-01-15,NA
"MYB","UNKNOWN",1988-11-01,2007-05-01
"MYR","MALE",1977-11-01,NA
"MYS","FEMALE",1999-01-01,NA
"MZT","MALE",2008-11-01,NA
"NAI","FEMALE",2008-11-01,NA
"NAK","MALE",1993-12-01,1994-07-11
"NAM","UNKNOWN",2016-05-01,NA
"NAN","UNKNOWN",2011-10-21,2012-02-24
"NAP","MALE",1996-10-01,NA
"NAT","MALE",1980-11-01,NA
"NAU","UNKNOWN",2019-04-01,NA
"NCK","UNKNOWN",1984-11-01,NA
"NEL","UNKNOWN",1985-11-01,NA
"NEN","UNKNOWN",1971-11-01,2016-05-01
"NEP","UNKNOWN",1986-11-01,NA
"NES","MALE",2003-11-01,NA
"NET","FEMALE",2009-12-01,NA
"NEV","FEMALE",1988-11-01,2009-05-01
"NGI","UNKNOWN",1997-12-01,2001-05-01
"NIB","FEMALE",1972-11-01,2009-05-01
"NIC","FEMALE",1975-12-29,2015-07-06
"NIL","MALE",1990-11-01,1992-08-28
"NIN","MALE",2002-11-01,NA
"NIP","FEMALE",1970-11-01,2003-05-01
"NIR","FEMALE",2000-11-01,NA
"NIS","FEMALE",1959-11-01,1991-05-01
"NIT","FEMALE",1975-11-01,2009-05-01
"NJA","MALE",1985-11-01,NA
"NMG","UNKNOWN",2010-11-01,NA
"NNA","FEMALE",2014-01-17,NA
"NOB","UNKNOWN",2001-11-01,2003-05-01
"NOC","FEMALE",1998-11-01,NA
"NOE","FEMALE",2008-08-27,NA
"NOG","MALE",1980-11-01,2014-05-01
"NOM","MALE",1998-11-03,2002-02-01
"NON","MALE",1971-11-01,1999-05-01
"NOO","FEMALE",1974-11-01,2014-05-01
"NOR","UNKNOWN",2003-11-01,2006-01-30
"NOV","FEMALE",1991-09-03,1992-03-25
"NRL","UNKNOWN",2005-11-24,2006-06-03
"NSH","UNKNOWN",1993-12-15,1994-09-01
"NTA","UNKNOWN",2011-11-01,NA
"NUD","FEMALE",1979-11-01,2002-05-01
"NUM","FEMALE",1991-11-01,NA
"NUR","UNKNOWN",1979-11-01,NA
"NVL","UNKNOWN",2015-11-01,2016-05-11
"NYM","MALE",2001-11-01,NA
"OAH","UNKNOWN",2005-11-01,2006-07-18
"OCE","FEMALE",1985-11-01,NA
"OCT","MALE",1981-11-01,2017-05-01
"ODI","MALE",1994-11-01,2000-05-01
"ODY","UNKNOWN",2016-02-15,NA
"OFS","UNKNOWN",2010-09-23,2011-05-01
"OHA","UNKNOWN",2014-01-01,NA
"OLI","FEMALE",1979-11-01,NA
"OLP","MALE",1991-11-01,NA
"OMA","FEMALE",2002-11-01,NA
"OME","UNKNOWN",1981-11-01,NA
"OMR","MALE",1988-11-01,NA
"OPE","MALE",2007-12-01,NA
"OPH","UNKNOWN",2001-11-15,2003-03-08
"OPY","FEMALE",2007-11-01,NA
"ORB","MALE",1984-11-01,NA
"ORL","UNKNOWN",2016-02-15,NA
"ORV","UNKNOWN",1977-11-01,NA
"ORY","MALE",2002-11-01,NA
"OSC","MALE",1986-11-01,NA
"OSI","FEMALE",1990-11-01,NA
"OTU","MALE",2011-11-20,NA
"OWL","MALE",2011-10-19,NA
"OYS","MALE",1991-10-25,1995-05-01
"OZZ","UNKNOWN",1994-11-01,NA
"PAB","MALE",1982-11-01,NA
"PAS","MALE",1982-11-01,NA
"PBA","MALE",2001-11-01,NA
"PBL","MALE",2008-11-01,NA
"PCH","UNKNOWN",2017-11-01,NA
"PCK","FEMALE",1997-11-01,NA
"PCR","UNKNOWN",1993-11-01,1995-09-01
"PCT","MALE",1989-11-01,NA
"PDA","UNKNOWN",2008-04-15,2009-05-01
"PDO","UNKNOWN",2001-11-01,NA
"PDR","FEMALE",2006-11-01,NA
"PDT","FEMALE",1987-11-01,NA
"PDX","FEMALE",1966-11-01,1995-05-01
"PEA","MALE",1981-11-01,2009-05-01
"PEC","UNKNOWN",2017-11-01,NA
"PEG","FEMALE",1989-11-01,2015-06-18
"PEK","UNKNOWN",1995-11-01,1998-02-14
"PEP","MALE",1991-05-18,1991-06-28
"PER","MALE",1989-12-01,1990-08-31
"PEZ","MALE",1987-11-01,NA
"PFF","UNKNOWN",2015-10-03,2016-03-31
"PGA","MALE",2008-11-01,NA
"PGP","FEMALE",2001-11-01,NA
"PGS","FEMALE",1977-11-01,2006-11-01
"PHA","FEMALE",1986-11-01,NA
"PHD","MALE",1997-11-01,NA
"PHI","UNKNOWN",2018-12-24,2020-01-20
"PHO","FEMALE",2000-11-01,NA
"PHS","UNKNOWN",2014-10-15,2015-02-27
"PHX","FEMALE",2014-12-01,NA
"PIC","FEMALE",1992-12-06,NA
"PIE","FEMALE",1988-11-01,1999-05-01
"PIK","MALE",1974-11-01,NA
"PIL","UNKNOWN",2008-01-01,NA
"PIM","MALE",2002-11-01,NA
"PIN","UNKNOWN",1988-11-01,1995-05-01
"PIR","MALE",1971-11-01,2019-05-01
"PIX","FEMALE",1977-11-01,2007-05-01
"PKA","FEMALE",1990-11-01,NA
"PKI","UNKNOWN",1996-12-09,2000-05-01
"PKY","MALE",2000-11-01,NA
"PLA","MALE",1981-11-01,2015-05-01
"PLG","UNKNOWN",2004-11-01,2009-05-01
"PLN","UNKNOWN",2004-08-01,2005-08-17
"PLR","MALE",2000-11-01,NA
"PLS","UNKNOWN",2010-11-01,NA
"PLT","UNKNOWN",2010-09-01,NA
"PLU","MALE",1981-11-01,NA
"PMN","MALE",1996-11-01,NA
"PMP","MALE",2007-01-15,2016-05-01
"PMT","UNKNOWN",2018-11-01,NA
"PNC","UNKNOWN",2001-12-01,2002-12-17
"PNF","FEMALE",2018-10-14,NA
"PNN","FEMALE",1994-11-01,NA
"PNT","UNKNOWN",2009-11-01,NA
"POF","MALE",2006-11-01,NA
"POG","UNKNOWN",2014-10-06,2015-08-27
"POI","MALE",1977-11-01,2010-05-01
"POL","FEMALE",1994-11-01,NA
"PON","MALE",1981-11-01,NA
"POO","MALE",1982-11-01,NA
"POP","MALE",1974-11-01,1995-05-01
"POS","FEMALE",1983-11-01,2017-05-01
"POU","MALE",2001-12-01,NA
"PPE","MALE",2011-10-26,NA
"PPO","UNKNOWN",2015-07-17,NA
"PPP","UNKNOWN",2013-10-25,NA
"PPR","FEMALE",2010-10-15,NA
"PPS","UNKNOWN",2009-11-01,NA
"PPT","MALE",2001-11-01,2008-05-01
"PRA","MALE",1989-11-01,NA
"PRC","MALE",1982-11-01,2015-05-01
"PRD","MALE",1993-11-01,NA
"PRE","MALE",1982-11-01,2015-05-01
"PRI","MALE",1979-11-01,2015-05-01
"PRN","FEMALE",1998-11-01,NA
"PRR","UNKNOWN",2007-11-01,NA
"PRS","FEMALE",2002-11-01,NA
"PRX","MALE",1997-11-01,2000-08-06
"PSC","UNKNOWN",2005-11-01,2007-05-01
"PSI","FEMALE",1992-11-01,NA
"PSP","UNKNOWN",2011-10-20,NA
"PSS","MALE",2006-11-01,NA
"PSU","FEMALE",1966-11-01,2005-05-01
"PTB","MALE",1994-11-01,NA
"PTE","FEMALE",2004-11-01,NA
"PTO","MALE",1990-11-01,NA
"PTS","MALE",1995-11-01,NA
"PUB","MALE",1995-11-01,NA
"PUC","FEMALE",1976-12-01,2019-03-22
"PUF","FEMALE",1975-11-01,1994-05-01
"PUK","UNKNOWN",2017-04-01,2017-07-08
"PUR","UNKNOWN",2009-08-03,2009-08-04
"PUS","FEMALE",1987-11-01,2007-05-01
"PWE","FEMALE",2005-11-01,NA
"PYR","UNKNOWN",1985-11-01,NA
"PZL","FEMALE",1997-11-01,NA
"PZZ","FEMALE",1993-11-01,NA
"QFL","UNKNOWN",2001-09-01,NA
"QLL","UNKNOWN",2001-11-01,NA
"QSR","UNKNOWN",2010-01-01,2011-02-06
"QTZ","UNKNOWN",2016-11-01,NA
"QUA","MALE",1988-10-15,2018-05-01
"QUI","FEMALE",1981-11-01,1995-05-01
"QUK","UNKNOWN",1997-11-01,2000-05-01
"QUO","FEMALE",1979-11-01,2009-05-01
"QUT","UNKNOWN",2017-11-01,NA
"QWE","MALE",2000-11-01,NA
"RAB","MALE",1990-04-16,1994-05-13
"RAD","MALE",1984-11-01,2001-05-01
"RAE","MALE",2004-10-01,2015-05-01
"RAG","MALE",2004-10-20,NA
"RAI","UNKNOWN",1999-02-01,1999-06-27
"RAP","FEMALE",1993-11-01,NA
"RAS","MALE",1978-11-01,NA
"RAW","UNKNOWN",1997-11-01,2000-01-24
"RAZ","FEMALE",1959-11-01,1994-05-01
"RBB","UNKNOWN",2003-11-15,NA
"RBD","FEMALE",1999-11-01,NA
"RBM","FEMALE",1984-11-01,2003-05-01
"RBN","FEMALE",2011-11-01,NA
"RDC","FEMALE",2006-04-01,NA
"RDF","MALE",1994-11-01,NA
"RDL","MALE",2011-11-26,NA
"REA","MALE",1972-11-01,2015-05-01
"RED","UNKNOWN",1997-11-01,2000-03-25
"REG","FEMALE",1976-11-01,NA
"REI","UNKNOWN",2016-11-01,NA
"REN","UNKNOWN",2004-11-01,2007-01-02
"REP","FEMALE",1976-11-01,2006-11-01
"RET","UNKNOWN",2004-09-30,NA
"RGA","MALE",2015-11-20,NA
"RGO","MALE",2009-11-01,NA
"RGS","UNKNOWN",2012-11-01,NA
"RHO","FEMALE",1997-10-08,NA
"RHY","FEMALE",1984-11-01,NA
"RIC","MALE",1988-11-01,2019-05-01
"RID","MALE",1980-11-01,NA
"RIG","UNKNOWN",1980-11-01,1998-05-01
"RIP","FEMALE",1993-12-01,NA
"RKL","MALE",2011-02-15,NA
"RKS","UNKNOWN",2011-11-01,NA
"RKT","FEMALE",2012-03-23,NA
"RLF","FEMALE",2002-05-01,NA
"RLL","UNKNOWN",2009-10-01,2011-02-13
"RMB","UNKNOWN",1994-11-01,NA
"RNG","MALE",1981-11-01,2015-05-01
"RNN","MALE",1986-11-01,NA
"RNV","UNKNOWN",2003-11-01,2005-02-13
"RNY","FEMALE",1983-11-01,NA
"ROA","MALE",1987-11-01,NA
"ROD","UNKNOWN",2005-11-01,2007-05-01
"ROL","MALE",1981-11-01,2001-05-01
"ROO","MALE",1994-11-01,2003-05-01
"ROU","MALE",1986-11-01,NA
"RPC","FEMALE",1986-11-01,NA
"RPL","MALE",1989-11-01,NA
"RSH","FEMALE",1985-11-01,2017-05-01
"RSO","FEMALE",2002-11-01,NA
"RSP","MALE",1985-11-01,NA
"RSR","UNKNOWN",2002-11-01,NA
"RTB","UNKNOWN",2009-10-26,2011-03-15
"RUD","UNKNOWN",2008-11-01,NA
"RUF","FEMALE",1987-11-01,2006-05-01
"RUM","MALE",1998-11-01,2007-05-01
"RVV","UNKNOWN",2006-01-01,2007-04-26
"RYD","MALE",1991-11-01,NA
"SAM","UNKNOWN",1983-11-01,NA
"SAR","FEMALE",2007-01-15,2011-05-20
"SAS","FEMALE",1995-11-01,2014-05-01
"SAU","MALE",2009-12-12,NA
"SBA","FEMALE",1989-11-01,NA
"SBB","MALE",1991-11-01,NA
"SBI","MALE",1985-11-01,NA
"SBO","MALE",1993-11-01,2009-05-01
"SCA","FEMALE",1977-11-01,NA
"SCE","UNKNOWN",1989-11-01,NA
"SCH","FEMALE",1982-11-01,2018-05-01
"SCM","MALE",1996-12-31,NA
"SCN","UNKNOWN",1986-11-01,NA
"SCP","MALE",1973-11-01,2008-05-01
"SCR","FEMALE",1980-11-01,1995-05-01
"SCS","FEMALE",1991-11-01,NA
"SCT","FEMALE",1987-11-01,NA
"SCU","FEMALE",1972-11-01,2012-11-01
"SCY","FEMALE",1983-11-01,2012-05-01
"SDF","UNKNOWN",2011-10-21,2012-04-02
"SDG","MALE",2011-11-24,NA
"SEB","UNKNOWN",2002-11-01,2004-05-01
"SEM","UNKNOWN",2017-11-01,NA
"SEN","UNKNOWN",2009-10-15,2010-03-17
"SEQ","FEMALE",1999-03-01,2017-05-01
"SER","FEMALE",1981-11-01,1996-05-01
"SEV","MALE",1993-11-01,NA
"SGG","FEMALE",2013-08-01,NA
"SHA","MALE",1977-11-01,1992-05-01
"SHB","FEMALE",2003-11-01,NA
"SHC","FEMALE",1994-10-25,2018-07-27
"SHK","MALE",1972-11-01,2007-05-01
"SHL","MALE",1995-11-01,2010-05-01
"SHO","FEMALE",1989-11-01,NA
"SHR","UNKNOWN",2014-01-01,2018-05-01
"SHV","MALE",2006-11-30,NA
"SHY","UNKNOWN",2008-04-01,NA
"SIF","UNKNOWN",2003-11-01,2004-11-01
"SIG","FEMALE",1978-11-01,1995-05-01
"SIN","UNKNOWN",1979-11-01,NA
"SIR","UNKNOWN",1990-11-01,1990-12-23
"SIS","MALE",1987-11-01,NA
"SIT","MALE",2003-11-01,NA
"SIZ","UNKNOWN",2018-04-01,NA
"SKC","UNKNOWN",2000-11-01,NA
"SKD","UNKNOWN",2002-04-24,2002-10-02
"SKE","MALE",1986-11-01,2011-05-01
"SKF","FEMALE",1994-11-01,NA
"SKI","MALE",1983-11-01,2009-05-01
"SKM","UNKNOWN",1998-11-01,2001-10-15
"SKP","UNKNOWN",1997-11-01,2005-05-01
"SKR","FEMALE",1977-11-01,2013-05-01
"SKT","MALE",1999-11-01,NA
"SKW","FEMALE",1983-11-01,2016-05-01
"SLA","MALE",1965-11-01,1992-05-01
"SLD","MALE",1980-11-01,2010-05-01
"SLI","FEMALE",1979-11-01,2013-11-01
"SLL","UNKNOWN",1993-11-01,1994-06-16
"SLM","UNKNOWN",1984-11-01,NA
"SLN","MALE",1989-11-01,NA
"SLO","MALE",1991-11-01,NA
"SLP","MALE",1992-11-01,NA
"SLT","FEMALE",1992-11-01,NA
"SLU","MALE",1988-10-01,1989-08-01
"SLV","FEMALE",1999-11-01,2011-05-01
"SLY","MALE",1977-11-01,1998-05-01
"SMB","FEMALE",1973-11-01,2012-05-01
"SMC","UNKNOWN",2017-11-02,2017-11-19
"SME","MALE",1989-11-01,NA
"SMF","MALE",1999-11-01,NA
"SMI","MALE",1994-01-01,1995-05-01
"SMM","MALE",2019-02-04,NA
"SMO","MALE",1988-12-31,NA
"SMR","MALE",1985-11-01,NA
"SMU","MALE",1977-11-01,2016-05-01
"SNA","MALE",1966-11-01,1995-11-01
"SNV","UNKNOWN",2010-01-01,NA
"SNW","FEMALE",1990-11-01,NA
"SOG","FEMALE",1991-11-01,NA
"SOH","UNKNOWN",2003-09-15,2004-06-16
"SOK","UNKNOWN",2002-10-20,2003-12-30
"SON","FEMALE",2010-11-17,NA
"SOP","FEMALE",2000-11-01,NA
"SPC","MALE",1980-11-01,NA
"SPE","FEMALE",1992-01-01,NA
"SPF","MALE",1984-11-01,NA
"SPM","MALE",2012-11-01,NA
"SPN","MALE",1989-11-01,2017-05-01
"SPO","FEMALE",1972-11-01,2012-05-01
"SPU","MALE",1968-11-01,2001-07-26
"SPZ","UNKNOWN",1995-05-01,1998-02-06
"SQA","MALE",1996-11-01,2012-05-01
"SQD","MALE",1995-11-23,1996-08-06
"SQE","FEMALE",2013-10-27,NA
"SQK","UNKNOWN",2007-11-01,NA
"SQL","FEMALE",1984-11-01,1995-02-10
"SQU","FEMALE",1968-11-01,2003-05-01
"SRE","FEMALE",2003-11-01,2004-04-18
"SRG","UNKNOWN",1997-11-01,1998-03-20
"SRP","FEMALE",1983-11-01,NA
"SRY","MALE",1998-11-14,NA
"SSH","MALE",2001-11-01,2011-05-01
"SSI","UNKNOWN",2009-10-01,2012-01-25
"STA","MALE",2003-01-01,NA
"STE","MALE",1958-11-01,1990-08-01
"STI","MALE",1998-01-15,NA
"STL","UNKNOWN",1997-11-01,1998-01-02
"STM","UNKNOWN",1998-11-01,2000-03-05
"STR","FEMALE",1992-11-01,1998-05-01
"STT","MALE",2011-11-24,2016-03-01
"STU","UNKNOWN",1988-11-01,1989-12-09
"STV","FEMALE",1999-11-01,NA
"SUD","FEMALE",1975-11-01,2008-05-01
"SUM","FEMALE",1995-11-01,NA
"SUP","FEMALE",2002-11-01,NA
"SUR","FEMALE",1979-11-01,2019-03-25
"SVD","FEMALE",1990-11-01,NA
"SVY","UNKNOWN",2004-11-01,NA
"SWA","UNKNOWN",1991-11-01,1992-10-15
"SWE","MALE",1985-11-01,2018-05-01
"SWI","FEMALE",1966-11-01,1997-05-01
"SWL","UNKNOWN",1988-11-01,1991-09-03
"SWN","MALE",1981-11-01,2006-05-01
"SWO","UNKNOWN",1996-12-09,1998-12-15
"SWT","UNKNOWN",2003-12-15,2006-02-03
"SYL","MALE",1966-11-01,2014-05-01
"SYM","FEMALE",1996-10-07,2003-05-01
"SYO","UNKNOWN",2014-12-09,2015-01-06
"SYX","UNKNOWN",2013-10-01,NA
"TAB","FEMALE",1966-11-01,2002-05-01
"TAF","FEMALE",1987-11-01,NA
"TAI","FEMALE",1984-11-01,2014-05-01
"TAL","FEMALE",1992-11-01,NA
"TAM","FEMALE",1983-11-01,NA
"TAN","UNKNOWN",1985-11-01,NA
"TAP","FEMALE",1984-11-01,NA
"TAS","MALE",1987-11-01,NA
"TAT","FEMALE",1978-11-01,1994-06-04
"TAU","MALE",1988-11-01,NA
"TAW","FEMALE",2000-11-01,NA
"TAZ","UNKNOWN",2003-12-01,2009-05-01
"TBA","FEMALE",1978-11-01,2007-05-01
"TCH","FEMALE",2013-01-01,NA
"TDL","FEMALE",2011-11-01,NA
"TDM","FEMALE",1970-11-01,1997-05-01
"TDO","FEMALE",2002-11-01,NA
"TDT","MALE",1991-11-01,NA
"TEA","UNKNOWN",2000-11-01,2002-05-01
"TEK","MALE",1993-11-01,NA
"TEM","FEMALE",1981-11-01,2005-05-01
"TER","MALE",1972-11-01,2007-05-01
"TGO","FEMALE",1974-11-01,1998-05-01
"THA","UNKNOWN",1999-11-01,NA
"THE","UNKNOWN",1977-11-01,NA
"THM","MALE",2011-02-15,2015-05-01
"THR","MALE",1993-11-01,NA
"THU","FEMALE",1984-11-01,NA
"TIG","MALE",1986-11-01,NA
"TIH","FEMALE",2014-10-01,NA
"TIM","UNKNOWN",2004-11-01,2014-05-01
"TIO","UNKNOWN",2005-09-01,2007-01-21
"TIP","FEMALE",1980-11-01,1998-05-01
"TIR","UNKNOWN",1996-06-01,1997-05-01
"TLN","UNKNOWN",2013-11-01,2015-04-26
"TMB","UNKNOWN",1993-11-01,NA
"TML","FEMALE",1989-11-01,NA
"TMN","UNKNOWN",2006-11-01,NA
"TNA","FEMALE",2011-11-01,NA
"TNK","FEMALE",1988-11-01,2003-05-01
"TOD","UNKNOWN",2006-10-29,2007-02-15
"TOF","MALE",2010-11-01,NA
"TOG","FEMALE",2002-10-15,NA
"TOH","UNKNOWN",2015-11-05,2017-04-13
"TOL","MALE",1986-11-01,2016-05-01
"TON","FEMALE",1960-11-01,1996-05-01
"TOO","FEMALE",1974-11-01,1995-05-01
"TOP","UNKNOWN",1992-11-01,1994-05-26
"TOQ","MALE",1986-11-01,NA
"TOR","FEMALE",1986-11-01,NA
"TOU","MALE",1987-11-01,NA
"TPC","MALE",1994-11-01,NA
"TRC","UNKNOWN",1992-11-01,1994-07-02
"TRE","FEMALE",1970-11-01,2003-11-01
"TRI","MALE",1967-11-01,1990-05-01
"TRK","FEMALE",1985-11-01,NA
"TRM","MALE",1993-11-01,NA
"TRN","MALE",1976-11-01,NA
"TRO","MALE",1969-11-01,1994-05-01
"TRU","FEMALE",1977-11-01,1993-05-01
"TRY","FEMALE",1971-11-01,2015-05-01
"TSE","MALE",1981-11-01,NA
"TSM","UNKNOWN",2003-11-01,NA
"TST","FEMALE",1978-11-01,NA
"TSU","MALE",1977-11-01,2005-05-01
"TTM","FEMALE",2006-11-01,NA
"TTS","FEMALE",1999-11-01,2005-05-01
"TTU","FEMALE",1982-11-01,NA
"TUD","MALE",1993-11-01,NA
"TUF","FEMALE",2010-01-23,NA
"TUK","FEMALE",1984-11-01,2016-04-15
"TUL","FEMALE",1994-11-01,NA
"TUN","FEMALE",1988-11-01,NA
"TUR","MALE",1986-11-01,NA
"TUS","UNKNOWN",2017-11-17,NA
"TUT","UNKNOWN",2004-03-01,2004-06-07
"TUX","UNKNOWN",2014-03-01,NA
"TWE","FEMALE",1974-11-01,1991-11-01
"TWG","UNKNOWN",1996-10-06,1997-06-20
"TWI","MALE",1980-11-01,2016-05-01
"TWL","UNKNOWN",2012-10-07,2013-04-29
"TWO","FEMALE",1964-11-01,2002-05-01
"TYH","UNKNOWN",2002-12-01,NA
"TYP","MALE",1974-11-01,2014-05-01
"TYR","MALE",1964-11-01,1995-05-01
"UBU","UNKNOWN",2001-11-01,NA
"UDG","UNKNOWN",1997-11-01,NA
"UHF","FEMALE",1967-11-01,2003-05-01
"ULY","UNKNOWN",1998-11-01,NA
"UMM","FEMALE",1990-11-01,NA
"UND","MALE",1976-11-01,2005-05-01
"UNF","MALE",1966-11-01,1995-05-01
"UNO","MALE",1972-11-01,2001-05-01
"UPP","UNKNOWN",1997-12-01,NA
"URC","MALE",1990-10-01,NA
"URP","FEMALE",1973-11-01,2012-05-01
"URS","FEMALE",2002-11-01,NA
"UVE","FEMALE",1985-11-01,2015-09-01
"VAL","UNKNOWN",1994-11-01,1997-03-02
"VAM","FEMALE",1982-11-01,2010-05-01
"VAX","MALE",1977-11-01,2006-05-01
"VBE","FEMALE",1997-11-01,NA
"VCE","UNKNOWN",2007-01-18,2008-03-08
"VCN","MALE",2006-11-01,NA
"VEC","FEMALE",1977-11-01,2016-05-01
"VEE","MALE",1977-11-01,NA
"VEG","FEMALE",1991-11-01,NA
"VEN","FEMALE",1974-11-01,1993-05-01
"VER","UNKNOWN",1988-11-01,NA
"VES","UNKNOWN",2007-11-01,NA
"VIC","UNKNOWN",2001-09-01,2002-02-08
"VIK","MALE",1978-11-01,NA
"VIP","MALE",1986-11-01,2017-05-01
"VIX","MALE",1996-11-01,NA
"VLT","FEMALE",2006-12-01,NA
"VMP","UNKNOWN",2000-11-01,2006-09-15
"VOR","MALE",1983-11-01,2010-05-01
"VRB","MALE",1993-11-01,NA
"VRG","MALE",1994-11-01,NA
"WAB","MALE",1978-11-01,NA
"WAC","FEMALE",1987-11-01,NA
"WAD","FEMALE",2002-12-06,2003-03-31
"WAM","MALE",1995-11-01,NA
"WAN","FEMALE",1979-11-01,2013-10-13
"WAP","UNKNOWN",2010-10-04,2011-03-26
"WAR","MALE",1971-11-01,2007-05-01
"WAT","UNKNOWN",2017-11-15,NA
"WAV","MALE",1972-11-01,1995-05-01
"WBB","UNKNOWN",2001-11-15,2002-05-30
"WBE","MALE",1974-11-01,2008-05-01
"WDC","UNKNOWN",2008-11-01,NA
"WDN","MALE",1994-11-01,NA
"WDS","FEMALE",2009-11-01,NA
"WEB","UNKNOWN",1996-11-15,NA
"WED","FEMALE",1972-11-01,2011-05-01
"WEE","FEMALE",1985-11-01,1995-05-01
"WEL","FEMALE",1983-11-01,2013-05-01
"WFL","FEMALE",1988-11-01,2006-05-01
"WGY","UNKNOWN",2017-11-01,NA
"WHD","UNKNOWN",2019-03-15,NA
"WHE","FEMALE",2000-11-01,NA
"WHL","FEMALE",1991-11-01,NA
"WHN","FEMALE",2002-11-01,NA
"WHO","FEMALE",1999-05-17,NA
"WHP","MALE",2004-10-13,NA
"WHR","UNKNOWN",2009-11-03,NA
"WHT","FEMALE",1988-11-01,NA
"WHZ","FEMALE",2015-11-01,NA
"WIF","FEMALE",1991-11-01,NA
"WIL","UNKNOWN",1977-11-01,1995-05-01
"WIN","UNKNOWN",1989-11-01,1990-07-03
"WIP","UNKNOWN",2012-01-15,NA
"WIR","UNKNOWN",2001-11-01,2005-05-01
"WIY","FEMALE",2012-11-06,NA
"WKA","FEMALE",1984-11-01,NA
"WLB","FEMALE",1987-11-01,NA
"WLL","MALE",1988-11-01,2009-05-01
"WLR","UNKNOWN",2017-01-15,2018-02-25
"WLV","FEMALE",2000-11-01,NA
"WLY","MALE",1991-11-01,NA
"WMP","FEMALE",2016-03-01,2018-03-05
"WNG","FEMALE",1990-11-01,NA
"WNK","UNKNOWN",1996-12-15,1998-03-17
"WNN","UNKNOWN",2012-12-15,NA
"WNS","UNKNOWN",1988-11-01,NA
"WOD","MALE",1989-11-01,NA
"WOF","FEMALE",1998-10-19,NA
"WOL","MALE",1978-11-01,NA
"WOM","FEMALE",1988-11-01,2009-05-01
"WON","FEMALE",2011-12-04,NA
"WOP","FEMALE",2010-09-01,NA
"WOR","MALE",1970-11-01,2015-05-01
"WOW","MALE",1977-11-01,2019-05-01
"WOY","UNKNOWN",2002-11-01,NA
"WPY","FEMALE",2012-11-01,NA
"WRE","MALE",1986-11-01,2001-05-01
"WRL","MALE",1988-11-01,NA
"WRR","UNKNOWN",1999-11-01,2006-05-01
"WSB","UNKNOWN",2015-08-24,NA
"WTY","MALE",2009-11-01,NA
"WUR","UNKNOWN",1979-11-01,NA
"WUY","UNKNOWN",2007-02-23,NA
"WWF","FEMALE",1977-11-01,NA
"WYA","UNKNOWN",2003-10-15,2005-08-13
"WYK","UNKNOWN",2012-11-01,2013-12-31
"WYL","FEMALE",1978-11-01,2011-05-01
"WZY","MALE",2013-03-01,NA
"XEN","FEMALE",1984-11-01,2009-05-01
"XFI","MALE",1973-11-01,1995-05-01
"YAD","FEMALE",2002-12-08,2009-11-20
"YAK","FEMALE",1984-11-01,2008-05-01
"YAN","FEMALE",1972-11-01,1998-05-01
"YEL","MALE",1992-11-01,NA
"YIN","FEMALE",1984-11-01,1997-05-01
"YLO","UNKNOWN",2014-11-01,NA
"YLS","UNKNOWN",2010-07-01,NA
"YNK","UNKNOWN",2014-11-01,2016-07-07
"YOB","MALE",1981-11-01,NA
"YOD","FEMALE",1991-01-01,1991-09-30
"YOG","FEMALE",1967-11-01,1992-07-10
"YOL","UNKNOWN",2003-11-01,NA
"YOS","UNKNOWN",2013-09-01,NA
"YSM","UNKNOWN",2015-11-05,NA
"YTI","UNKNOWN",2011-09-12,2013-01-28
"YUL","MALE",2006-12-25,2007-06-18
"ZAG","FEMALE",1982-11-01,1997-05-01
"ZAM","MALE",1990-11-01,NA
"ZAP","FEMALE",1990-10-01,1993-10-21
"ZDT","MALE",1989-11-01,NA
"ZEB","UNKNOWN",2000-11-01,NA
"ZEN","MALE",1985-11-01,2018-05-01
"ZEP","FEMALE",2000-11-01,NA
"ZEU","MALE",2016-10-23,NA
"ZIG","FEMALE",1970-11-01,1994-11-01
"ZII","UNKNOWN",2011-11-01,NA
"ZIO","FEMALE",1990-11-01,NA
"ZIP","FEMALE",1986-11-01,2017-04-03
"ZKA","UNKNOWN",2005-04-01,NA
"ZMB","MALE",2012-11-01,NA
"ZOE","FEMALE",1982-11-01,2014-05-01
"ZOR","MALE",2005-12-10,2008-01-08
"ZPO","UNKNOWN",2016-10-19,2017-04-03
"ZRC","UNKNOWN",2008-03-01,NA
"ZRP","MALE",1994-11-01,NA
"ZUL","MALE",2009-09-17,2014-05-01
